baseMean	log2FoldChange	lfcSE	stat	pvalue	padj	organism
95338.1944689991	-3.73922273077229	0.467333713364874	-8.00118335963677	1.23229123127237e-15	4.89219618815132e-13	Sharpea_azabuensis_DSM-20406
543.116511042816	1.69421414861763	0.230395057717176	7.35351775947113	1.93057342359422e-13	3.83218824583452e-11	Methanomassiliicoccales_archaeon_RumEn_M2
45510.0456624779	-1.79543959099037	0.284349754161471	-6.31419427910181	2.71572603865864e-10	3.19642954765586e-08	Lachnospiraceae_bacterium_NK3A20
31685.0759566716	-4.87032970424274	0.774571849286159	-6.28777008708903	3.22058392710918e-10	3.19642954765586e-08	Megasphaera_elsdenii_J1
26448.1380999229	-4.72453224299782	0.75863447899801	-6.22767930247238	4.73394823932288e-10	3.75875490202237e-08	Megasphaera_elsdenii_DSM_20460
26345.9459767722	-4.63063162184744	0.768667236165313	-6.02423442027852	1.69911951723885e-09	1.1242507472397e-07	Megasphaera_elsdenii_YE34
2630.47477035549	1.84349147110666	0.326553550348229	5.64529605983706	1.64897236490242e-08	9.35202898380373e-07	Methanogenic_archaeon_ISO4-G1
20466.775431064	-1.7852485715306	0.339802528045431	-5.2537824889046	1.490068444233e-07	7.39446465450624e-06	Olsenella_sp._KH2P3
2051.55453421671	0.631878718673119	0.121347568031807	5.20718073647339	1.9173132581042e-07	8.4574818163041e-06	Clostridium_paraputrificum_AGR2156
6582.78340058695	-0.970420397922739	0.22530006837456	-4.30723525706801	1.65307766147373e-05	0.000656271831605072	Dorea_longicatena_AGR2136
13018.9293963461	-1.34868835037793	0.32095536441019	-4.2021056505984	2.64443656003269e-05	0.000954401194848161	Oribacterium_sp._WCC10
494.448494329275	0.954499994122292	0.244093390772082	3.91038852425767	9.21477806520762e-05	0.00270520472635855	Lactococcus_lactis_subsp.
15607.5894578085	-1.29569560252777	0.331421316247143	-3.90951196863137	9.2482773467594e-05	0.00270520472635855	Lachnospiraceae_bacterium_JC7
5783.72531323732	-1.21125774183702	0.310419010261913	-3.90200890343358	9.53976477809059e-05	0.00270520472635855	Olsenella_umbonata_WCP15
1689.81797453395	-0.467528367318696	0.121588491302296	-3.84516957411961	0.00012046909961051	0.00306608805757507	Eubacterium_pyruvativorans_i6
7381.72164900019	-1.1896242751646	0.309960795718355	-3.83798303397553	0.000124049050684567	0.00306608805757507	Olsenella_umbonata_KHGC19
5832.04327044965	-1.18584690072257	0.310104813445451	-3.82401965176578	0.000131293443271476	0.00306608805757507	Coriobacteriaceae_bacterium_KH1P3
5139.23600193179	-0.266225332206007	0.0706328003994117	-3.76914593079371	0.000163807099361642	0.00361285658036511	Clostridium_celerecrescens_18A
15409.3971571858	1.05595313281415	0.286273707410257	3.6886137478943	0.000225479217676185	0.00471132891670765	Ruminococcaceae_bacterium_R-25
20238.0861525873	-2.06905131024062	0.573656688239324	-3.60677623508754	0.000310024791392324	0.00615399210913763	Prevotella_bryantii_KHPX14
617.908714513197	0.582264506617895	0.162411163922374	3.58512612406493	0.000336915345129978	0.00636930438174291	Enterococcus_faecalis_VTM1R91
1973.98591010213	-0.456409292550241	0.129202261682496	-3.53251782597917	0.000411622473999185	0.00742791464443985	Eubacterium_pyruvativorans_KHPC4
43.2595564348041	-1.35936487015327	0.391236635229879	-3.47453369072798	0.000511742096452112	0.00883311357789079	Streptococcus_equinus_pGA-7
559.405489541536	0.557417843772372	0.161810249801025	3.44488587378005	0.00057130054985041	0.00945026326210886	Enterococcus_faecalis_68A
40363.9355986762	1.89706935816387	0.566208936072299	3.35047583551672	0.000806728477795075	0.0128108482273858	Methanobrevibacter_millerae_SM9
10380.114497344	0.766113525891955	0.230960775521691	3.31707201866408	0.000909661648742128	0.0138898336365625	Lachnospiraceae_bacterium_G41
2480.58294778987	1.11281811394023	0.337022665449372	3.30190882698185	0.00096029278526181	0.014119860583294	Megamonas_sp._Calf98-2
93542.581279496	-1.10536730234905	0.336417727143464	-3.28569874047592	0.00101729748674074	0.0144238250798598	Erysipelotrichaceae_bacterium_NK3D112
38263.8792170778	-0.537083879501376	0.169553843331694	-3.16763022853272	0.00153686859725698	0.0210392011417593	Bacteroidales_bacterium_WCE2008
1934.46340950399	0.573579717960509	0.182282909579388	3.14664561413917	0.00165155002010191	0.021855511932682	Butyrivibrio_sp._AE2005
332.023292138283	0.571388169884083	0.182926695188495	3.12359095153008	0.00178658639045078	0.0228798321615794	Enterococcus_casseliflavus_NLAE-zl-C414
11816.5093771238	0.765143800503947	0.248874162661176	3.07442039110197	0.00210912002170484	0.0261662702692757	Eubacterium_ruminantium_FB3002
1465.91237801781	0.624720574858275	0.205376713104655	3.04182770000771	0.00235146452543333	0.0282673021347182	Thermoplasmatales_archaeon_BRNA1
57940.5811644515	-1.34067895938613	0.442021953160349	-3.03305967000193	0.00242087726090786	0.0282673021347182	Fibrobacter_succinogenes_HM2
1434.42426919233	0.586140843582043	0.194883533327793	3.00764684205595	0.00263278895812005	0.0298633490392474	Clostridium_algidicarnis_B3
45433.2859420254	-1.10389879074898	0.372302914662232	-2.96505546229872	0.00302628364836315	0.0333731835666714	Fibrobacter_succinogenes_subsp._succinogenes_S85
2283.93565612871	-0.627520317279853	0.213678661469897	-2.9367476984512	0.00331673825243572	0.0350041868070774	Butyrivibrio_fibrisolvens_AR40
3087.71620719231	-0.394403228107158	0.134443295075387	-2.9336028091695	0.0033505266968991	0.0350041868070774	Clostridium_clostidiforme_ATCC
9607.98338112647	-0.586141412081177	0.200463253901608	-2.92393444021849	0.00345637534609083	0.0351841285230272	Lachnospiraceae_bacterium_NK4A144
1470.47426925697	0.563379276625761	0.193268315390272	2.91501105852821	0.00355675939384049	0.0353008369838669	Bacillus_cereus_KPR-7A
18751.6782446002	-1.44903212129726	0.501988182280893	-2.88658612382719	0.00389446145505161	0.0377097853086705	Anaerovibrio_lipolyticus_DSM_3074
19246.7032732736	1.27431394308261	0.448225290062949	2.84302106849805	0.00446881162509296	0.0422409098848072	Eubacterium_uniforme_ATCC_35992
4812.35238902517	0.547274088008695	0.193700428186406	2.82536333622365	0.00472270295597449	0.0433943923145789	Butyrivibrio_sp._XBB1001
12486.4207108372	0.457897805393179	0.162402369612918	2.81952662688708	0.00480945406005408	0.0433943923145789	Methanogenic_archaeon_ISO4-H5
4902.37442592332	0.545981876639845	0.194617477671625	2.80541030112963	0.00502525660599395	0.0443339305017689	Butyrivibrio_sp._INlla14
10366.4953055957	0.84783662301595	0.307150552792314	2.76032914578289	0.00577431525061722	0.0492116668916813	Lachnospiraceae_bacterium_YSB2008
2366.79383217332	-0.834315266686425	0.302928079624274	-2.7541694639904	0.00588412920593242	0.0492116668916813	Butyrivibrio_fibrisolvens_YRB2005
11962.8512249137	-1.25127204411189	0.454921532622583	-2.75052279213608	0.00595002521612267	0.0492116668916813	Anaerovibrio_lipolyticus_LB2005
15666.1971778007	-0.634216964108589	0.233147319928225	-2.72024128050811	0.00652342976056078	0.052519975093987	Oribacterium_sp._FC2011
8177.97935324181	0.905677459103932	0.333503173319814	2.71564870009627	0.00661460643501095	0.052519975093987	Selenomonas_bovis_8-14-1
3096.94787747364	0.567408673673317	0.210329931275948	2.69770769300965	0.00698187168116841	0.0543490795573305	Cellulosilyticum_ruminicola_JCM_14822
4168.00520517825	0.483808562654735	0.18011254597574	2.68614582084638	0.00722815354981672	0.0547555068406917	Ruminococcaceae_bacterium_AE2021
18194.4945117756	0.720165280490803	0.268479466866705	2.68238494695891	0.00730992912482785	0.0547555068406917	Ruminococcus_sp._NK3A76
1070.53326285659	0.513892424088434	0.193736556444441	2.65253204413079	0.0079890544314281	0.05873434461624	Enterococcus_mundtii_C2
4028.93249957433	0.485125053245272	0.183622250783372	2.64197313329743	0.00824245938941022	0.059243917181781	Ruminococcaceae_bacterium_KHP2
13973.1430867719	-1.29681683683335	0.492134561227615	-2.63508588707625	0.00841159960497713	0.059243917181781	Prevotella_bryantii_C21a
16523.2454369152	-0.633606360599637	0.24079653406566	-2.63129352363048	0.00850605360040684	0.059243917181781	Oribacterium_sp._KHPX15
14829.2149548175	-1.2493182027499	0.47832366266013	-2.61186786328318	0.00900490511436764	0.0609256774576784	Prevotella_bryantii_FB3001
14794.6707582757	-1.21092713310025	0.463958257058834	-2.6099915556556	0.00905444576826959	0.0609256774576784	Prevotella_bryantii_DSM_11371
3859.46201867977	1.26224746392423	0.485933740014996	2.59757115010222	0.0093885667468153	0.0621210166414279	Selenomonas_ruminantium_WCT3
92.6171988132534	0.709388690156849	0.276544437017717	2.56518879138184	0.0103119679994916	0.0663092520262311	Streptococcus_equinus_Sb18
2742.36557765762	-0.393311797398292	0.153414282256984	-2.56372347875314	0.0103556010721066	0.0663092520262311	Bifidobacterium_bifidum_Calf96
2755.64797108257	-0.336471554172926	0.132178978069461	-2.54557539396399	0.0109097801739894	0.0687489322075207	Lachnoclostridium_clostridioforme_NLAE-zl-G208
120.927078465985	-1.7033479164663	0.671621275082408	-2.53617325665763	0.0112071271988415	0.069519210905314	Streptococcus_gallolyticus_VTM3R24
24307.7477196981	-0.949933918604137	0.377983720947826	-2.51316092720104	0.0119654739003283	0.0728423493387572	Oribacterium_sp._P6A1
1996.73455903111	0.515519067777411	0.205473826382928	2.50892815329517	0.0121098112250831	0.0728423493387572	Clostridium_sp._NCR
2670.24076044246	0.483279028444629	0.194591333159167	2.48355885433668	0.0130076837711107	0.0770753799571781	Clostridium_butyricum_AGR2140
31865.8866413314	-0.528537461250794	0.213374193476278	-2.4770449164442	0.01324752292001	0.0773421558712347	Bacteroides_sp._AR29
574.636051757235	0.413914115497863	0.167868065587984	2.46571087864785	0.013674165793474	0.0780340728908716	Acinetobacter_sp._HR7
10431.8592618625	-0.493503539980791	0.200326955513654	-2.46349044099138	0.0137591564291209	0.0780340728908716	Porphyromonadaceae_bacterium_KHP3R9
2619.33502394066	0.67909046201082	0.277357773535806	2.44842772334683	0.0143481213630994	0.0793117247638785	Peptostreptococcaceae_bacterium_VA2
1416.16597525581	-1.3043990499812	0.532945482318626	-2.44752811170534	0.0143839903853885	0.0793117247638785	Alysiella_filiformis_DSM_16848
8926.47675388177	-0.277188763880055	0.113896769574529	-2.4336841590461	0.0149460302939183	0.0812818359819943	Lachnoclostridium_citroniae_NLAE-zl-G70
754.829922180954	0.700400931100322	0.292046543648609	2.39825105392463	0.016473570092734	0.0877961638975768	Methanobrevibacter_YLM1
2445.5241441218	0.585299761121693	0.24430702843461	2.39575490264027	0.0165861770587362	0.0877961638975768	Methanobrevibacter_ruminantium_M1
9083.0570733225	0.979518699888983	0.4097869476777	2.39031210105642	0.0168340605928619	0.087935816517976	Selenomonas_bovis_DSM_23594
73061.9809991152	-1.2472188893453	0.527870252146027	-2.36273759370754	0.0181405091254311	0.0931694590745094	Ruminococcus_albus_8
109.181035164918	-1.56530440405048	0.663437927034474	-2.35938335790853	0.018305334528493	0.0931694590745094	Streptococcus_gallolyticus_VTM3R42
70714.0919773673	-0.480317883881601	0.204867641047246	-2.3445278201394	0.0190511891910005	0.0957382545421165	Prevotella_sp._AGR2160
5791.33911126536	1.00371120561985	0.429884841842967	2.33483739811998	0.0195519166971595	0.0960848222872009	Methanobrevibacter_gottschalkii_DSM
708.598909224447	0.837697107488076	0.358935418940281	2.33383796439284	0.019604208073711	0.0960848222872009	Arcobacter_butzleri_7h1h
11149.214879206	-0.303093451079291	0.131736056386124	-2.30076305146794	0.0214050279845972	0.103631659876648	Lachnospiraceae_bacterium_NLAE-zl-G231
8200.74654217214	0.381467142816737	0.166544026793658	2.29048828805707	0.0219930267422597	0.105195561646712	Ruminococcaceae_bacterium_YAD3003
2993.60715415729	-0.375496655757118	0.164399315361375	-2.2840524300951	0.02236844979894	0.105717554406895	Bacteroides_xylanisolvens_NLAE-zl-C29
6408.06354541442	0.383803620442254	0.168670340211387	2.27546597677607	0.0228779914372897	0.106853677654165	Lachnospiraceae_bacterium_P6B14
5938.35098719108	0.711562125774382	0.314486585792314	2.26261518907613	0.0236594209863313	0.109218489902018	Schwartzia_succinivorans_DSM_10502
2571.44568277462	0.6973570249682	0.310352821761832	2.2469814226576	0.0246412143937697	0.112443242693409	Clostridium_sartagoforme_AAU1
16386.972803751	-0.417811107731329	0.186899440162034	-2.23548613826293	0.0253854506598173	0.11323123112553	Clostridium_aminophilum_F
7422.37841563613	-1.06521865498625	0.477112750927619	-2.23263505935486	0.0255730201489337	0.11323123112553	Selenomonas_ruminantium_AC2024
743.397279912112	-0.399098028881728	0.178873487772754	-2.23117485912028	0.0256695486178783	0.11323123112553	Succinivibrio_dextrinosolvens_ACV-10
10750.7076116436	-1.12451943467598	0.505440398693462	-2.224830934731	0.0260925898648857	0.113832507432523	Selenomonas_ruminantium_L14
2628.94093564602	-0.51673169377541	0.233764514706239	-2.21047961203506	0.0270718939525955	0.116821107599787	Butyrivibrio_fibrisolvens_WTE3004
203.169523083509	-0.361517280418213	0.163930042325252	-2.20531438466252	0.0274320411319666	0.117102369133234	Lactobacillus_mucosae_AGR63
3924.70347499024	1.14850746741995	0.523097506875408	2.19558964117469	0.0281213283507147	0.118767737821636	Selenomonas_sp._ND2010
468.131400286472	0.576578652199357	0.263927621259894	2.18460898274679	0.0289175287420065	0.120844830637648	Lactococcus_lactis_subsp._cremoris_DPC6856
964.141638625763	-0.615175486405525	0.284254269654452	-2.16417324937054	0.0304510555048831	0.125280826035964	Clostridium_cadaveris_AGR2141
2375.00398165936	0.828091683940882	0.383284760929057	2.1605129354312	0.0307329833227546	0.125280826035964	Succinimonas_amylolytica_DSM_2873
4881.180317247	-0.94896783382598	0.44014475896711	-2.15603574617798	0.0310808740287759	0.125280826035964	Butyrivibrio_sp._TB
14393.885143326	-0.416041348785958	0.193180823725032	-2.15363689192121	0.0312686587579757	0.125280826035964	Eubacterium_cellulosolvens_6
11708.9724327008	-0.52233489879478	0.243509032924234	-2.14503294815064	0.0319502127463378	0.125280826035964	Butyrivibrio_sp._VCB2001
228.220669957077	0.958264303391401	0.447087052913247	2.14335060062082	0.0320849565635238	0.125280826035964	Methanosarcina_sp._DSM
69.3645750295423	0.621442224420714	0.290113227778072	2.14206787184519	0.0321880207951344	0.125280826035964	Streptococcus_equinus_Sb20
432.147505580977	0.426701349000994	0.200186694367051	2.13151703388747	0.0330465706551225	0.127373675243531	Lactobacillus_ruminis_DSM
14737.4225033533	-0.284642134273316	0.134222020618269	-2.12068133799629	0.0339486280358295	0.129592358944464	Slackia_heliotrinireducens_DSM_20476
2860.12241059984	-0.735420876307552	0.348304028180861	-2.1114337383594	0.0347350477086852	0.131331561336648	Lachnospira_pectinoschiza_M83
4979.04148818972	-0.442193622045341	0.209814562428355	-2.10754495268333	0.0350703694169235	0.131348459042629	Porphyromonadaceae_bacterium_KH3CP3RA
420.066200191537	0.530335236857808	0.253409724095583	2.09279749919057	0.0363672351629587	0.13493263887565	Enterococcus_casseliflavus_NLAE-zl-G268
2671.897934178	0.515937351359601	0.247418618916963	2.08528102540559	0.0370437987533229	0.136170260232122	Clostridium_glycolicum_KPPR-9
788.844418669602	0.622096706422089	0.299948031794673	2.074014964192	0.038077921121873	0.138687474177831	Methanobrevibacter_olleyae_DSM
11183.1272500134	-1.01174724316521	0.49105190869083	-2.06036719389317	0.0393634506686656	0.142066271958729	Selenomonas_ruminantium_subsp.
16044.6735810111	-0.36185821547716	0.176179566327543	-2.05391705190382	0.0399837206371238	0.143004838675119	Lachnoclostridium_aminophilum_KH1P1
9637.97371287576	0.333447853367244	0.163882267283785	2.03467927856912	0.0418831545159753	0.148460824489662	Desulfovibrio_legallii_KHC7
134.202369556059	-1.36161953245765	0.670937189420274	-2.02942921323852	0.0424145921288079	0.14901409801006	Streptococcus_gallolyticus_VTM1R29
64.0537701546588	-0.580293592501615	0.288761473780094	-2.00959492589215	0.0444740787336799	0.154879028572552	Streptococcus_equinus_HC5
1815.87057522296	-0.613004437275455	0.307985860356358	-1.99036552056699	0.0465506851985976	0.159601449761225	Kandleria_vitulina_S3b
1028.44664960507	-0.539902825709217	0.271408047652972	-1.98926608985283	0.046671840489582	0.159601449761225	Clostridium_cadaveris_NLAE-zl-G419
5170.98054176594	-0.387690996524625	0.19521452415357	-1.98597413899203	0.0470361955215701	0.159601449761225	Pseudobutyrivibrio_ruminis_AD2017
1343.30983937693	-0.425261533848904	0.215043787616231	-1.97755786653009	0.0479786063952456	0.16027354178843	Bacteroides_xylanisolvens_NLAE-zl-C182
1934.6616749728	-0.276061138867859	0.13963642611818	-1.97699945882471	0.0480416913673128	0.16027354178843	Lachnospiraceae_bacterium_AC2012
566.918216555823	0.446462121570636	0.226547243916258	1.97072413617916	0.0487554382417196	0.161299241516356	Pediococcus_acidilactici_AGR20
8772.39582152989	0.604963868742364	0.308705278483243	1.95968099967297	0.050033087315108	0.164049045590479	Ruminococcus_bromii_YE282
36220.7509498299	0.418136304849077	0.213722773703669	1.95644243990971	0.050413056831331	0.164049045590479	Ruminococcaceae_bacterium_FB2012
2627.38142319125	0.317665433705894	0.162978982744295	1.94911901127947	0.051281213804158	0.165517413660575	Desulfovibrio_desulfuricans_desulfuricans_ATCC_27774
5050.54658542936	0.425778160641885	0.22079527527507	1.92838438282451	0.0538073328931633	0.172270251278918	Lachnospiraceae_bacterium_NC2004
363.410010333186	0.639100052790442	0.332832292288704	1.92018643502319	0.0548343544320936	0.174153909676329	Methanobacterium_formicicum_BRM9
1100.03494270931	0.385807943568717	0.203332758916395	1.89742147612993	0.0577723334046545	0.182028701282919	Bacillus_licheniformis_VTM3R78
23246.6087322224	-1.14462422849995	0.606667109288609	-1.88674185723066	0.0591950548390492	0.18504280922128	Mitsuokella_jalaludinii_DSM
32484.451292308	-0.471884948079618	0.25057110958447	-1.88323765202684	0.0596681685575332	0.185064554041724	Prevotella_sp._HUN102
10560.0557845588	0.255339866413296	0.135956598840202	1.87809836809328	0.0603677095489564	0.185782796053765	Lachnospiraceae_bacterium_AD3010
1322.89097310232	-0.407535314520842	0.217860436358917	-1.8706256231372	0.0613969904924435	0.186691030547514	Bacteroides_xylanisolvens_NLAE-zl-C339
4536.21644552768	0.277843885663101	0.148647979210585	1.86914001211875	0.0616033375358296	0.186691030547514	Butyrivibrio_sp._NC3005
3032.46209575781	-0.399454329123844	0.215451082535226	-1.85403723399038	0.063733833260231	0.191684331850846	Bacteroides_thetaiotaomicron_NLAE-zl-C523
59114.1615885493	0.795912771428525	0.431479446756339	1.84461340490683	0.0650937956217909	0.194302532795872	Ruminococcus_flavefaciens_SAb67
9383.61819625428	-0.883524558355698	0.484316116709432	-1.82427246972203	0.0681108903056932	0.20179121978627	Selenomonas_ruminantium_C3
3663.71470373659	-0.364768910765522	0.200894781245398	-1.81572118750038	0.0694131522424918	0.203797806718538	Bacteroides_thetaiotaomicron_NLAE-zl-G288
3625.38231504667	-0.361847203237392	0.199857753227886	-1.81052372196338	0.0702146090596653	0.203797806718538	Bacteroides_ovatus_NLAE-zl-C500
1348.68179640004	-0.399425659561992	0.221264962438698	-1.80519163612564	0.0710446993018758	0.203797806718538	Bacteroides_xylanisolvens_NLAE-zl-C202
2288.46639943589	-0.478591521114126	0.265138456352515	-1.80506263669957	0.0710648809688122	0.203797806718538	Butyrivibrio_fibrisolvens_AB2020
2379.50699738314	-0.41091581075959	0.228411630041711	-1.79901439644098	0.0720164034442806	0.203797806718538	Butyrivibrio_fibrisolvens_MD2001
713.669250295389	0.428814383012203	0.238607477574824	1.7971540010842	0.0723111747668512	0.203797806718538	Lachnobacterium_bovis_S1b
2134.75371015393	-0.568783832186678	0.316907407098168	-1.79479500777489	0.0726863665047125	0.203797806718538	Lachnospira_multipara_ATCC
5786.16350301333	0.709862029506087	0.395821926599767	1.79338733355178	0.0729110115096795	0.203797806718538	Selenomonas_ruminantium_GACV-9
6174.01640907405	-0.437139815762385	0.244173456450444	-1.79028393223858	0.0734082779867783	0.203797806718538	Porphyromonas_levii_DSM_23370
341.673428425963	0.342512695988316	0.19173737378049	1.78636376015268	0.0740403793693207	0.203828522600164	Lactobacillus_brevis_AG48
2894.781046091	-0.357383751491192	0.200441086829733	-1.78298649814634	0.074588501227081	0.203828522600164	Porphyromonadaceae_bacterium_NLAE-zl-C104
1110.83455890685	0.701318695090262	0.393841860178829	1.78071141237201	0.074959607807617	0.203828522600164	Methanobrevibacter_wolinii_SH
43.0097037415836	-0.957258217921151	0.552590889856882	-1.73230908343255	0.083218545550418	0.224746684241605	Streptococcus_equinus_H24
2447.72407708983	0.271613244866701	0.15864091612507	1.71212604856975	0.0868734419097192	0.233032138095666	Desulfovibrio_desulfuricans_DSM
4124.23490912503	-0.287564544049579	0.168315597439284	-1.7084842309597	0.0875465298936938	0.233261559515412	Pseudobutyrivibrio_sp._MD2005
439.09951626936	0.257827372478504	0.151261785888902	1.70451096397785	0.088285669512635	0.23366273864344	Lactobacillus_plantarum_AG30
6398.12824516898	0.668244181065957	0.397337114879813	1.68180659707082	0.0926063490687653	0.243474970730462	Selenomonas_ruminantium_Z108
869.199385990561	0.243913745527362	0.145617961215526	1.67502513763636	0.0939292996778226	0.245328499816418	Candidatus_Methanomethylophilus_sp._1R26
4921.05958195698	-0.191104523535432	0.114364725287735	-1.67100933486811	0.0947198339955935	0.245776301282684	Ruminococcus_gnavus_AGR2154
71013.3852869577	-0.722499798979289	0.433699654882393	-1.66589894837526	0.0957335431286385	0.245993128291829	Ruminococcus_flavefaciens_FD-1
10568.7075747867	0.320711685140634	0.192694944646389	1.66434924242132	0.0960426571416462	0.245993128291829	Ruminococcaceae_bacterium_AB4001
15661.9833350937	0.332848374009443	0.201410022999578	1.65259091405864	0.0984141484889682	0.2504513907059	Ruminococcus_sp._YE71
4336.2758188844	-0.399064879491476	0.246511524371669	-1.6188487759696	0.105479804508847	0.266722817770779	Butyrivibrio_sp._Su6
22570.5291388402	-0.455075749167557	0.282296484193739	-1.6120489437454	0.106951289631123	0.268732037870606	Bacteroides_sp._Ga6A1
1255.20191495997	0.347207501495775	0.216746682265869	1.60190457296079	0.109176713121962	0.271633172376093	Peptostreptococcus_russellii_Calf135
4059.2424230648	0.619323139707745	0.387496392530073	1.59826814299873	0.109983314047782	0.271633172376093	Methanobrevibacter_millerae_DSM
3763.71132234509	0.220588068870095	0.138084944915131	1.59748094917712	0.110158540938416	0.271633172376093	Butyrivibrio_sp._LB2008
2102.67099491696	0.285726079162343	0.180287722688014	1.58483381398516	0.113004097487206	0.276929794459387	Pseudobutyrivibrio_ruminis_DSM
500280.32987896	0.357153788021823	0.226444058168228	1.57722746585158	0.114743195333694	0.279466555505991	Prevotella_sp._NE3005
737.842736688505	0.18198258012649	0.116922225089098	1.55644130094013	0.119603190601702	0.289527235785828	Peptostreptococcus_anaerobius_C
3425.99549736338	-0.333496634019308	0.21488842229273	-1.55195254570302	0.120673578635123	0.289644490437908	Porphyromonadaceae_bacterium_KH3R12
9568.34694566346	-0.567801988063713	0.366293612281375	-1.5501280094056	0.12111079449041	0.289644490437908	Selenomonas_ruminatium_S137
75.8025303586613	-0.682402510988379	0.445102553979779	-1.53313546482005	0.125242481072397	0.297732125663124	Streptococcus_equinus_Sb09
15265.6723251895	-0.318860869859087	0.20891433734383	-1.52627566835831	0.126941225634655	0.299974205815226	Bacteroides_vulgatus_NLAE-zl-G202
9367.92720418248	-0.413274797175157	0.271355642423842	-1.52300056664989	0.127758563659375	0.300119229424684	Lachnospiraceae_bacterium_MC2017
393.355121711409	-0.937049837112832	0.617776881343922	-1.51680949127516	0.129314790018965	0.301988068456055	Streptococcus_equinus_Sb04
3028.6501389449	0.230467714664307	0.15268724148887	1.50941042890677	0.131193929592367	0.304584737123799	Lachnospiraceae_bacterium_C7
4167.1283399796	-0.222632133254065	0.149412068603243	-1.49005455406186	0.136209892242722	0.314391437327679	Eubacterium_limosum_SA11
2118.37768418798	-0.196250285911509	0.132414139888343	-1.4820946318648	0.138315116959444	0.317405210594793	Lachnospiraceae_bacterium_A10
93.3773836534614	-0.823752809810497	0.558968195658128	-1.4737024686004	0.140561717910653	0.319486758856596	Streptococcus_equinus_SI
1297.8402973892	0.295198609018093	0.2004470848452	1.47270093374552	0.140831694710086	0.319486758856596	Enterococcus_sp._KPPR-6
42745.5805473329	0.383858442108745	0.263677740813368	1.4557862977916	0.145451704765431	0.324358844779138	Ruminococcaceae_bacterium_P7
16890.7290666341	-0.282760981855532	0.194479520005968	-1.45393706158291	0.145963756429124	0.324358844779138	Eubacterium_cellulosolvens_LD2006
2541.46795731092	0.172185011572249	0.118479543507986	1.4532889516125	0.146143543582459	0.324358844779138	Eubacterium_xylanophilum_ATCC_35991
1936.19411202215	-0.169276006949239	0.116507876814388	-1.45291470051348	0.146247438829888	0.324358844779138	Ruaniaceae_bacterium_KH17
775.556704602804	-0.286764478424547	0.198684852654336	-1.44331324000551	0.148932251748222	0.326667078548747	Kandleria_vitulina_WCE2011
682.318955190859	-0.675064526833951	0.467720502075206	-1.44330753909395	0.148933856970587	0.326667078548747	Alysiella_crassa_DSM_2578
385.906681589878	0.688688486131905	0.478278231830573	1.43993274269666	0.149886428421709	0.32695006639241	Methanobrevibacter_boviskoreani_JH1
873.334073232807	-0.207898449086316	0.145562065727652	-1.42824607528789	0.15322104298028	0.332397563186727	Kandleria_vitulina_WCC7
4056.79036400696	-0.259266542966328	0.182620482115266	-1.41970133888204	0.155694648183446	0.33592812678711	Butyrivibrio_sp._AE2015
12349.5763487713	0.330290416558037	0.233616518392401	1.41381448037529	0.157416380783385	0.337028252769966	Lachnospiraceae_bacterium_NE2001
1769.53073459794	-0.224959380444596	0.159424249233169	-1.41107379540221	0.158222855780808	0.337028252769966	Lachnospiraceae_bacterium_MD2004
470.252791272649	0.569306506562976	0.404455336696912	1.40758806945747	0.159253082234602	0.337028252769966	Methanosarcina_barkeri_CM1
1938.84561177862	-0.308566612635021	0.219399063401136	-1.40641718269716	0.159600280908699	0.337028252769966	Bacteroides_ovatus_NLAE-zl-C11
11470.9109058073	-0.377317284164214	0.269711683526496	-1.39896529223639	0.161823391284576	0.338159321355507	Ruminococcus_albus_AR67
204.546442170736	-0.627101957190228	0.448278452655743	-1.39891166634282	0.16183947369659	0.338159321355507	Streptococcus_gallolyticus_VTM2R47
8592.25534453661	-0.37732143094138	0.273368203573673	-1.38026817314067	0.167504090516643	0.348162952539829	Ruminococcus_albus_AD2013
5562.15657231608	0.178765739229743	0.129978746136094	1.37534592803785	0.169024224028978	0.349492796559919	Butyrivibrio_sp._NC2002
1938.45786795202	-0.302432899419626	0.221546634364981	-1.36509814417398	0.172222205264203	0.354260183885433	Bacteroides_ovatus_NLAE-zl-C57
1960.34525524524	-0.298332794544718	0.224752443694508	-1.32738398586768	0.184381694346114	0.373482534772679	Bacteroides_ovatus_NLAE-zl-C34
40319.0333967692	-0.335450636095743	0.252741158711373	-1.32724973568244	0.184426084990567	0.373482534772679	Prevotella_sp._KH1P2
2009.85283577731	0.316821404887734	0.239139316127777	1.32484030655356	0.185224123021581	0.373482534772679	Clostridium_intestinale_DSM_6191
5661.07603355042	-0.180493787470893	0.136271005422698	-1.32452084661019	0.185330124307853	0.373482534772679	Butyrivibrio_sp._VCB2006
7112.36462269003	0.189915623776668	0.144665069083949	1.31279530697531	0.189251931852348	0.379459681542333	Lachnospiraceae_bacterium_NK4A179
2480.64968671114	0.169446811613225	0.130448117608054	1.29895942325781	0.193957854783332	0.386941046979812	Synergistes_jonesii_78-1
36679.0495075942	-0.385561453732149	0.300018052667565	-1.28512751250796	0.198747728838654	0.394037089761359	Bacteroidales_bacterium_KHT7
30101.2214219029	-0.276863145056863	0.215797315683657	-1.28297770609308	0.199499886755751	0.394037089761359	Prevoltella_albensis_DSM_11370
104.982379380381	-0.702763452136787	0.549957565276243	-1.27785032247677	0.20130220695891	0.395628594864789	Streptococcus_sp._45
4036.37783643526	-0.162775407708666	0.12838616485729	-1.26785785594267	0.204848716612692	0.400227635018884	Butyrivibrio_sp._INlla18
337.321004034079	0.653616009547821	0.516450056273874	1.26559383934157	0.205658532856051	0.400227635018884	Methanobrevibacter_sp._AbM4
1077.46072313821	-0.140408732840879	0.111861376679506	-1.25520297540379	0.209405085698495	0.405443584085239	Pseudochrobactrum_sp._AO18b
2068.88330213182	-0.21257407341877	0.169717429175665	-1.25251763741216	0.210381305595867	0.405443584085239	Lachnospiraceae_bacterium_FD2005
1114.77586393321	0.303736264912721	0.243969361577048	1.24497708625924	0.213140173076163	0.408776080730613	Lachnobacterium_bovis_NK4B19
16150.102388513	0.170827148558321	0.138709291399785	1.23154798668797	0.218117980721064	0.41465700894745	Ruminococcaceae_bacterium_D5
86.0658700911391	-0.56575985189995	0.459566393725924	-1.23107315857686	0.218295503450924	0.41465700894745	Streptococcus_bovis_SN033
3673.46953972442	0.16710147788675	0.137099462492133	1.21883393887368	0.222907227181663	0.421400805672	Actinomyces_denticolens_PA
1166.44199806559	-0.282895769032372	0.234999351512215	-1.20381510507133	0.228661050109072	0.42726284744828	Bacteroides_xylanisolvens_NLAE-zl-G421
1199.29666217686	-0.272853090346481	0.226974508519019	-1.20213098874765	0.229312781755936	0.42726284744828	Bacteroides_xylanisolvens_NLAE-zl-G339
2484.27731837316	-0.24721167674806	0.205757723710991	-1.20146972997862	0.229569041574981	0.42726284744828	Clostridium_innocuum_NLAE-zl-G197
18819.0838461423	0.205648047412348	0.171437226344645	1.19955304805812	0.230312970664816	0.42726284744828	Lachnospiraceae_bacterium_XBB2008
4368.27840868274	-0.196225421197922	0.164083162338057	-1.19589004991044	0.231739468556847	0.427909623335202	Lachnospiraceae_bacterium_C10
6035.55876903906	-0.153692737089087	0.129778455695737	-1.18427004131885	0.236306183989073	0.43260336477631	Lachnoclostridium_oroticum_NLAE-zl-C242
8234.75775840435	-0.39674242502772	0.335505945950002	-1.18251980275439	0.236999512762966	0.43260336477631	Selenomonas_ruminantium_lactilytica_TAM6421
1198.28877438602	-0.276597221746543	0.234179857652041	-1.1811315649424	0.237550462270115	0.43260336477631	Bacteroides_xylanisolvens_NLAE-zl-G310
5276.55001442194	0.262231168918707	0.22420345272393	1.16961253599249	0.242156930197938	0.438978544696719	Lachnospiraceae_bacterium_RM5
120567.408352755	-0.309937325273471	0.268289625159637	-1.15523410601157	0.247994571623554	0.447517476975232	Prevotella_brevis_P6B11
8821.1437339205	-0.315540839102712	0.274747748712587	-1.14847470300038	0.25077265028293	0.450482996209607	Ruminococcus_albus_SY3
1744.93621967132	0.200450229805619	0.178333671226442	1.12401785051065	0.261005453297703	0.466383354028339	Pseudobutyrivibrio_sp._UC1225
20776.2303999079	0.301841783153177	0.269083843418075	1.1217387834178	0.261973521280402	0.466383354028339	Lachnospiraceae_bacterium_LC2019
8498.57776145038	-0.149303862456875	0.133733653197171	-1.11642700911451	0.264239397651358	0.468317146730309	Butyrivibrio_sp._AE3009
2068.69906130808	0.219972387133504	0.200537874897672	1.09691192871046	0.272679893671463	0.481128523500315	Corynebacterium_vitaeruminis_DSM_20294
2339.57883734933	-0.357576500347253	0.333701848616108	-1.07154485907152	0.283924511630753	0.498752350077031	Lachnospira_multipara_D15d
6251.32802688963	0.140419385331303	0.132006345181699	1.06373208907514	0.287450083379641	0.502721070932675	Butyrivibrio_sp._INlla21
1478.39375283389	0.183173335046448	0.175324437810671	1.04476784488112	0.29613027966911	0.514293687048529	Methanomassiliicoccales_archaeon_RumEn_M1
32032.770685702	-0.152466149521769	0.146092591804735	-1.04362683718797	0.296658071370562	0.514293687048529	Lachnoclostridium_lavalense_NLAE-zl-G277
1426.16790565516	-0.159147371952583	0.153940061949965	-1.03382686700691	0.301217109066101	0.519926923040182	Bifidobacterium_pseudolongum_AGR2145
91.9782357886293	-0.628476934801823	0.612972857411461	-1.02529325271568	0.305224838511997	0.52456389995352	Streptococcus_equinus_Sb17
1658.75116910977	0.297286364736868	0.294128696597193	1.01073566835268	0.312142960662382	0.534141186995542	Clostridium_mangenotii_LM2
464902.53769081	0.282057028501721	0.280573294038035	1.00528822412972	0.314758083770632	0.536304546167129	Prevotella_sp._TC2-28
3578.43192231213	-0.126218013761095	0.126354956402128	-0.998916206811887	0.317835284529441	0.538804036128545	Butyrivibrio_hungatei_DSM_14810
2969.62788323248	0.122233762927702	0.123075851818954	0.993157968205734	0.320632978027388	0.538804036128545	Cellulomonas_sp._KH9
118813.058140342	-0.271086296081016	0.273290050296875	-0.991936207653866	0.321228645129998	0.538804036128545	Prevotella_brevis_ATCC_19188
12940.8667443309	-0.26621194848858	0.26861197051718	-0.991065096525745	0.321653794867671	0.538804036128545	Ruminococcus_albus_KH2T6
131598.01296449	-0.231446498772812	0.23719758265786	-0.975754036695459	0.329186367014252	0.549104990355707	Prevotella_sp._BP1-148
29285.5606261865	0.179590816516287	0.185275890701914	0.96931562890299	0.33238773375668	0.550085208689244	Oscillibacter_ruminantium_GH1
136.40044080297	-0.533335560399456	0.550397923772647	-0.968999949606933	0.332545214320954	0.550085208689244	Streptococcus_bovis_AG46
810.319953516777	0.216735485287416	0.22690226171373	0.9551931463815	0.339480031080218	0.559226441240027	Streptococcus_sp._NLAE-zl-C503
1989.40315538662	0.241215352802372	0.259505327075153	0.929519850405677	0.352619742773639	0.578471230913779	Eubacterium_ruminatium_HUN269
131213.859632348	-0.217656254567068	0.239670581043625	-0.908147564958963	0.363800263038425	0.591971240303734	Prevotella_sp._BP1-145
98.576962936849	0.196789291932388	0.217003932360316	0.906846663062473	0.364487889803687	0.591971240303734	Streptococcus_equinus_Sb05
1065.42799237858	-0.139634131935204	0.154245819934248	-0.905270120089653	0.365322301950667	0.591971240303734	Desulfotomaculum_ruminis_DL_DSM_2154
46515.2398332755	0.157181154848424	0.175776879338785	0.894208359140794	0.371210420573809	0.599067223446351	Clostridiales_bacterium_NK3B98
22677.5517022882	0.233913559058651	0.263368657717009	0.888160197520514	0.374454585535138	0.601735217252056	Treponema_bryantii_NK4A124
80.6174104227389	-0.299866192220678	0.338646228184646	-0.885485108835101	0.375895047552922	0.601735217252056	Streptococcus_equinus_MPR2
113.524891931909	-0.380932764738659	0.433901997532028	-0.877923510159781	0.379985229705589	0.603529574523799	Streptococcus_equinus_Ye01
24633.1890071879	0.168102566351355	0.191506069704227	0.877792367683084	0.380056407130856	0.603529574523799	Oscillibacter_sp._PC13
3111.03597070455	0.110574681245404	0.128307530209444	0.861794168003286	0.388800794775217	0.611231822510594	Prauserella_rugosa_DSM_43194
27392.3936363596	-0.188471776166771	0.218819263325892	-0.861312543064709	0.389065929270886	0.611231822510594	Lachnospiraceae_bacterium_FE2018
17047.9609735308	0.213323512917693	0.247979594524414	0.860246236497056	0.389653322332369	0.611231822510594	Treponema_bryantii_XBD1002
728.718025174886	0.20223183939222	0.235787398468465	0.857687224617593	0.391065196266224	0.611231822510594	Lachnobacterium_bovis_AE2004
6181.66681093954	-0.153864711193082	0.181637101283332	-0.847099574403974	0.396939622331157	0.617980510060664	Butyrivibrio_sp._YAB3001
935.71098113917	-0.192851376730286	0.229594495356182	-0.839965158707772	0.400927921888037	0.621751503865433	Kandleria_vitulina_KH4T7
1513.19886688388	-0.104137476819886	0.126278741494013	-0.824663562432034	0.409562623947154	0.632670668120701	Pseudobutyrivibrio_xylanivorans_DSM
855.485309531662	-0.283950645297022	0.354349010403349	-0.80133043118649	0.422940378110166	0.650803605076495	Actinobacillus_succinogenes_130Z
15013.5339141626	0.373432572785928	0.486966609066544	0.766854576542226	0.443167983128389	0.679296097691005	Selenomonas_ruminantium_AB3002
413.17680885473	-0.301265666047094	0.398116174738077	-0.75672802353559	0.449212822105635	0.685913424522835	Basfia_succiniciproducens_KPR-2
250.704575435353	-0.203866056720239	0.275368732845747	-0.740338434990141	0.4590946649476	0.698316406069721	Wolinella_succinogenes_DSM_1740
321.260434096493	0.137836073225356	0.189478103045304	0.727451198898689	0.466949600166462	0.707553401778952	Lactobacillus_ruminis_ATCC_27782
4371.21164743705	0.0962259771259368	0.134227581262055	0.716886769628016	0.473443966156332	0.712757130031091	Butyrivibrio_sp._AE3004
1923.73390216655	0.19910262911762	0.278065709654165	0.716027263358892	0.473974514680625	0.712757130031091	Eubacterium_ruminantium_ATCC_17233
26465.0855982255	0.308451487578399	0.435094660459393	0.708929609140048	0.478368159732561	0.714073151863702	Lachnospiraceae_bacterium_AB2028
559.337290767475	0.109406463835565	0.154353930717055	0.708802576826612	0.478446998477946	0.714073151863702	Enterococcus_gallinarum_SKF1
17307.9588319582	-0.145643774175591	0.207495793321468	-0.701911936835986	0.482734084233283	0.717773151462972	Blautia_schinkii_DSM
650.921587286814	0.166805035539583	0.238691431868203	0.6988312660996	0.484657486440098	0.717944112375817	Ruminobacter_amylophilus_DSM
59.5579404102348	-0.439762365439701	0.640292097109316	-0.686815232337034	0.492199169665323	0.725766283543674	Streptococcus_bovis_C277
9794.79093099878	-0.12069334673324	0.176973323731042	-0.681986099309887	0.495247740643832	0.725766283543674	Lachnospiraceae_bacterium_KH1P17
2632.47512425904	-0.101656856254637	0.149120376569726	-0.681710029126058	0.495422324534851	0.725766283543674	Butyrivibrio_sp._INlla16
99.6647840105063	0.301756080978832	0.444651855787419	0.678634480102332	0.497369490019019	0.725940027711583	Streptococcus_equinus_pR-5
1959.50368767286	0.175344181951287	0.261731577417538	0.669938964497059	0.502896699549272	0.729079541064396	Eubacterium_ruminantium_2388
94.3733265067997	-0.141796337709618	0.212314222916709	-0.667860757332513	0.504222479088401	0.729079541064396	Lactobacillus_mucosae_KHPX11
169.532879172901	-0.285655383910358	0.428528181929558	-0.666596494597209	0.505029908797756	0.729079541064396	Streptococcus_equinus_Sb13
167178.879271349	-0.147178297664902	0.225688501289241	-0.652130245112839	0.51431715429015	0.736894683562507	Prevotella_sp._MA2016
9494.06145330192	-0.236491734326118	0.363501239368314	-0.650594024760656	0.51530858854521	0.736894683562507	Butyrivibrio_proteoclasticus_FD2007
1170.72693145899	-0.0837349371805926	0.129408425368832	-0.647059393095437	0.517593504846862	0.736894683562507	Bifidobacterium_pseudolongum_globosum
74.393193173711	-0.372523146448781	0.576094728259233	-0.646635228852766	0.51786805217617	0.736894683562507	Streptococcus_bovis_B315
995.503831734453	0.178033246277779	0.277976346441628	0.640461854243284	0.521872380996869	0.739492120865319	Kandleria_vitulina_DSM
1874.61116491393	0.0984778171215185	0.154333571691741	0.638084222648676	0.523418856330365	0.739492120865319	Pseudobutyrivibrio_ruminis_CF1b
22700.873841598	0.164768790862244	0.26030706126249	0.632978567938629	0.526747638808235	0.740739975566739	Blautia_sp._SF-50
397.696926862089	0.159478505222655	0.252735183259049	0.631010305594027	0.528033786109287	0.740739975566739	Methanomicrobium_mobile_DSM
1609.76794338067	-0.0762917654321136	0.121968947555104	-0.625501547413499	0.531641933128851	0.743175519197724	Enterobacter_sp._KPR-6
4869.59819166745	-0.0881738911815163	0.143488600108124	-0.614501020395168	0.538884298992783	0.74810461893175	Butyrivibrio_proteoclasticus_P18
2488.79705524929	0.0848446472268369	0.138088668051043	0.614421504851323	0.53893682875184	0.74810461893175	Actinomyces_ruminicola_KPR-7B
12428.9055194766	0.14758124461892	0.244612504322383	0.603326657513865	0.546291402461901	0.755671382499563	Treponema_bryantii_B25
134.14127984147	-0.272683899250811	0.456571968829317	-0.59724187612742	0.550345904423565	0.757350852445243	Streptococcus_equinus_Sb10
57636.118167591	-0.152268597126976	0.255577724195066	-0.595781958723286	0.551320897623867	0.757350852445243	Prevotella_sp._RM4
5161.69501135421	-0.0715240316967748	0.125924792404559	-0.567990070350793	0.570041710396177	0.77794111454937	Butyrivibrio_proteoclasticus_P6B7
572.140988190398	0.113373092190632	0.200096180697469	0.566592984411053	0.570990742501189	0.77794111454937	Succinivibrio_dextrinosolvens_DSM_3072
27007.2005662938	-0.203866048142418	0.362815134833855	-0.561900617061563	0.574183733250013	0.77794111454937	Ruminococcus_flavefaciens_XPD3002
1753.48308827043	0.0496770420554909	0.0884950336563678	0.561354010535667	0.574556228852193	0.77794111454937	Clostridium_cellobioparum_ATCC_15832
12993.9032687054	0.128999081854375	0.23191605052139	0.556231798378601	0.578052403972396	0.77794111454937	Ruminococcaceae_bacterium_YRB3002
3835.71173461437	0.0734813608246228	0.132110743425482	0.556210334748971	0.578067075042983	0.77794111454937	Butyrivibrio_sp._WCD3002
58924.1709639726	-0.155925848902993	0.283588648414004	-0.549831066141127	0.582435248616853	0.77887703538452	Prevotella_ruminicola_BPI-162
3612.13503656687	-0.0782544090565923	0.142419267104469	-0.549465045338215	0.582686346370787	0.77887703538452	Eubacterium_callanderi_NLAE-zl-G225
10316.4743304507	-0.206319922114272	0.378743064364553	-0.544749043683297	0.585926129112595	0.780579440462082	Butyrivibrio_proteoclasticus_B316
97.8737883285197	-0.106691708825219	0.197114526009426	-0.541267612210969	0.588323140775268	0.781151461163148	Lactobacillus_mucosae_WCC8
97032.597529145	-0.138290859634892	0.257630457586681	-0.536779932506094	0.591419634878654	0.782645316822753	Prevotella_ruminicola_Ga6B6
1922.51389426728	0.0756345920928109	0.143086059513239	0.528595115066487	0.597086349712351	0.786431962426205	Butyrivibrio_sp._WCD2001
8145.58267377536	-0.143975071223616	0.274197042119855	-0.525078863398835	0.599528368877162	0.786431962426205	Treponema_sp._C6A8
241.421999487233	0.103678989894097	0.197831003120343	0.52407857342273	0.600223890718237	0.786431962426205	Proteus_mirabilis_NLAE-zl-C285
11046.4928988535	-0.275330186386676	0.541861442480949	-0.508119169959868	0.611369772170044	0.794162056303483	Selenomonas_sp._AE3005
6807.71664986741	-0.273736486055501	0.539573541993871	-0.507320068074447	0.611930259969849	0.794162056303483	Lachnospira_multipara_MC2003
1259.0240950597	-0.0736095229838172	0.145174230217437	-0.507042626460408	0.612124909896388	0.794162056303483	Bifidobacterium_boum_DSM
2859.06665284979	-0.0674349406882156	0.134872707941412	-0.499989521360461	0.617082455802609	0.79747482867464	Lampropedia_hyalina_DSM_16112
22465.062904789	-0.11638568424133	0.23428132416947	-0.496777473210547	0.619345982439126	0.79747482867464	Ruminococcus_flavefaciens_MC2020
13362.9430426027	0.12232113888154	0.247187314397036	0.49485200800016	0.620704589572957	0.79747482867464	Blautia_wexlerae_AGR2146
89762.5984771636	-0.122999831803347	0.252020461858564	-0.488054941635554	0.625510925491159	0.801057540064484	Prevotella_ruminicola_D31d
80.5664734399442	-0.269459761127123	0.558185191115489	-0.48274258331474	0.629278523381774	0.803291234027538	Streptococcus_bovis_ATCC_33317
438.63485250124	0.188299265259331	0.395504187952874	0.476099295519389	0.634003638873763	0.806728989207961	Proteus_mirabilis_NLAE-zl-G534
5328.254897012	0.0989125428306951	0.212556770950911	0.465346469031271	0.641683362270092	0.813892315722769	Dorea_sp._AGR2135
3369.20644468084	0.0553547314982399	0.123615583091917	0.447797357854791	0.654299450429703	0.827251215989147	Synergistes_Syn_Fa1
633.020707329242	0.0802514878277589	0.181623159634362	0.441857128734677	0.658592595302114	0.830035747095045	Cellvibrio_sp._BR
2627.10685525816	-0.081739423975637	0.198710618280995	-0.411349049601616	0.680816608165734	0.855305011162167	Pseudobutyrivibrio_sp_AR14
1022.56450345822	-0.0610964829899924	0.149670745326527	-0.408205911293501	0.683122508671417	0.855305011162167	Kandleria_vitulina_MC3001
2348.53187828696	-0.0652348814793257	0.1631905161988	-0.399746768371368	0.689343041518802	0.855305011162167	Pseudobutyrivibrio_xylanivorans_DSM_14809
5936.60226852374	0.0552058619417938	0.139637511393447	0.395351230417191	0.692583695939637	0.855305011162167	Lachnospiraceae_bacterium_MA2020
429.274592617342	0.108602762103233	0.276529594664643	0.392734680839276	0.694515452986566	0.855305011162167	Acinetobacter_sp_DSM
26746.4260373054	-0.109929020962525	0.281952691202692	-0.389884630976969	0.696621859090503	0.855305011162167	Lachnospiraceae_bacterium_AC2029
10278.6769674353	0.111566758147397	0.29201288999064	0.382061073231984	0.702416064561137	0.855305011162167	Ruminococcus_flavefaciens_YAD2003
4918.23012585496	0.0496555104107486	0.130060755977914	0.381787035123653	0.702619336123629	0.855305011162167	Butyrivibrio_sp._VCD2006
147161.876398518	-0.0929605609722058	0.243647335315943	-0.381537359526883	0.702804554972171	0.855305011162167	Prevotellaceae_bacterium_HUN156
57623.7101639451	-0.0996178295789803	0.264778262044296	-0.37623114831955	0.706745060666824	0.855305011162167	Prevotella_sp._KHP1
1551.6197918973	-0.0417759496540802	0.112396650946861	-0.371683224563612	0.710128716487911	0.855305011162167	Bifidobacterium_ruminantium_DSM
70609.6882410301	-0.0835439332880261	0.225351502225564	-0.370727208218934	0.710840722936253	0.855305011162167	Succiniclasticum_ruminis_DSM11005
2330.19902484882	0.0692165529730471	0.186905814680807	0.370328515949349	0.711137729149468	0.855305011162167	Pseudobutyrivibrio_sp._JW11
487.479622538477	0.0543140642114806	0.14725572428531	0.368841785099276	0.712245657172685	0.855305011162167	Escherichia_coli_PA-3
2590.22171344361	-0.0441195282691501	0.120282409776186	-0.36679950419388	0.713768577497486	0.855305011162167	Butyrivibrio_sp._LC3010
20496.6094262847	-0.0832212466895009	0.226939575711806	-0.366711034990146	0.713834574441903	0.855305011162167	Ruminococcus_flavefaciens_YRD2003
14032.5325977244	0.0771966452295975	0.212040929214161	0.364064831802491	0.715809597507065	0.855305011162167	Lachnospiraceae_bacterium_G11
72.8690277218541	-0.186722336578562	0.515941173499914	-0.361906252435567	0.717422087448366	0.855305011162167	Streptococcus_bovis_2B
9369.75051621645	-0.0941279740555111	0.26247962551653	-0.358610592613723	0.719886421440799	0.855673381173645	Ruminococcus_flavefaciens_YL228
1568.39204599484	0.051151557845383	0.144621416540255	0.353692828275853	0.723569097844396	0.855854609962878	Butyrivibrio_sp._AD3002
57090.7486495258	-0.10440589664826	0.297956587634465	-0.350406404762381	0.726033720419857	0.855854609962878	Prevotella_ruminicola_BPI-34
1612.10216987491	0.0534074931716689	0.153507405810664	0.347914765998597	0.727904195580307	0.855854609962878	Pseudobutyrivibrio_sp._LB2011
132436.169294972	-0.0721427482924238	0.207960646400056	-0.34690577059297	0.72866211125303	0.855854609962878	Prevotella_sp._TC2-24
8806.41805433414	-0.0904428215479136	0.268316118846899	-0.337075617881609	0.736059897086484	0.861993448800396	Treponema_sp._JC4
53656.5394652509	-0.0840005512449037	0.255330903220127	-0.328987013266016	0.742165504082317	0.864285538539199	Sarcina_sp._DSM
3500.94006117472	-0.0402188839423123	0.122351880917679	-0.32871488072482	0.74237120564702	0.864285538539199	Bordetella_trematum_HR18
80518.4302577294	0.0655880635626587	0.205479372579239	0.31919536613032	0.749578370619561	0.870124599812765	Prevotella_ruminicola_AR32
2575.3952101861	-0.0722333023128358	0.232756541771077	-0.310338441030281	0.756303601463042	0.870316820340697	Pseudobutyrivibrio_sp._NOR37
2379.15966240405	-0.0354636990666923	0.114629809854583	-0.309375886705917	0.757035610886111	0.870316820340697	Butyrivibrio_sp._WCE2006
15051.2727471599	0.0480303769403412	0.155469148638308	0.308938315807477	0.75736844969978	0.870316820340697	Lachnospiraceae_bacterium_AC2028
3778.77727600779	-0.054468790977048	0.177172188809913	-0.307434204786436	0.758512896317081	0.870316820340697	Eubacterium_oxidoreducens_DSM
48.2548508588529	-0.206047344162461	0.69562682546031	-0.296203850428159	0.76707440849786	0.877230292711557	Streptococcus_bovis_ES1
84.1257156380826	0.148005706039423	0.503868496987869	0.29373875708484	0.768957536180407	0.877230292711557	Streptococcus_equinus_MPR4
1191.07908213909	-0.033162295423034	0.1149090793158	-0.288595954475411	0.772890591700609	0.879190730387226	Peptostreptococcaceae_bacterium_pGA-8
3719.00967367076	0.0339767301582508	0.119405834747689	0.284548324041663	0.77599020653588	0.88019460569927	Propionibacteriaceae_bacterium_P6A17
152901.342219856	-0.06832086459631	0.246542274388394	-0.277116225871591	0.781690863098131	0.88413467991441	Prevotellaceae_bacterium_MN60
76527.6749151098	0.0529054355963414	0.202264568450032	0.261565512940598	0.793656435208978	0.893759777413341	Prevotella_sp._FD3004
4436.46558670493	-0.0359524694955002	0.138168156065769	-0.260208071955354	0.794703278153424	0.893759777413341	Butyrivibrio_sp._AC2005
2922.81715965505	0.0312529736965925	0.124481538081355	0.251065131249961	0.801763753860184	0.899153136391223	Butyrivibrio_sp._FC2001
5831.02332988447	0.0517069097112899	0.209721491676237	0.246550362092187	0.805256223995241	0.900525974439749	Lachnospiraceae_bacterium_NC2008
13688.099079504	0.0480720708774891	0.20159300385366	0.238461007865063	0.811523554341029	0.904985536723001	Lachnospiraceae_bacterium_YSD2013
4790.11158250256	-0.0469691707923831	0.203235335707607	-0.231107305375071	0.817231439869188	0.908797987753691	Lachnospiraceae_bacterium_KHCPX20
6211.46901104747	-0.0578808505356342	0.253917210840776	-0.227951663236918	0.819683818363959	0.908978982934335	Ruminococcus_flavefaciens_17
1995.43213032567	0.0277076413535399	0.124958251888229	0.221735187031293	0.824520036582212	0.909935584003412	Bifidobacterium_longum_AGR2137
2796.79393184705	0.0352524083162327	0.159548458814459	0.220951105251529	0.825130504385966	0.909935584003412	Acetitomaculum_ruminis_DSM
81286.5872821841	0.042746198652448	0.203780469623947	0.209765924729348	0.83385036946993	0.917004422935075	Prevotella_sp._KHP7
6096.9136071796	0.0473361757647149	0.232540336913811	0.203561138652085	0.838696464083511	0.919785901218657	Lachnospiraceae_bacterium_NK4A136
14158.6093757799	0.0650026563052268	0.328052826189736	0.198146917556598	0.842930117588392	0.921882249814302	Lachnospiraceae_bacterium_C6A11
137485.534104549	-0.0406127518599058	0.20828242772035	-0.194988853857774	0.84540167347828	0.922045231788124	Prevotella_sp._LC2012
5366.71493492027	0.0461226988474687	0.261667628013817	0.176264443552159	0.860086194576917	0.934516181006535	Ruminococcus_flavefaciens_ATCC_19208
4030.43720796386	-0.0145187508718779	0.0832913783290173	-0.174312769978737	0.861619663889429	0.934516181006535	Clostridium_aerotolerans_DSM
9623.47357665364	-0.0511159719789886	0.300700641988219	-0.169989567168903	0.865018341432326	0.934516181006535	Ruminococcus_flavefaciens_MA2007
11058.8341248742	0.0442825729126822	0.262927236432381	0.168421398686365	0.866251774837292	0.934516181006535	Ruminococcus_flavefaciens_Y1
90593.1270294481	-0.0322702217528571	0.208857377118119	-0.154508412382325	0.877208878747005	0.941620340600374	Prevotella_sp._P6B4
5835.28632924076	0.0155288636840426	0.102771976748025	0.151100175119877	0.87989669436111	0.941620340600374	Butyrivibrio_fibrisolvens_DSM_3071
9497.45681452027	0.0261102826723818	0.178223452147468	0.146503068803635	0.88352426750326	0.941620340600374	Butyrivibrio_sp._AE2032
13509.383818334	-0.024158778886917	0.165213961392456	-0.146227223675905	0.883742015157521	0.941620340600374	Lachnospiraceae_bacterium_P6A3
6724.12729144224	0.0135290016913656	0.095522388217058	0.14163173622317	0.887370897736924	0.941620340600374	Lachnospiraceae_bacterium_V9D3004
987.684093989264	-0.0285831529670378	0.207103516440956	-0.138013846689979	0.89022947419812	0.941620340600374	Lactobacillus_ruminis_WC1T17
942.171837268622	0.0196476090100789	0.145921093368386	0.134645434436798	0.892892217185637	0.941620340600374	Oxobacter_pfennigii_DSM_3222
2065.1226858315	0.019350743854212	0.145268949045733	0.133206331988539	0.894030203273952	0.941620340600374	Actinomyces_nasicola_KPR-1
27665.57794849	-0.0612354614177364	0.475544441631008	-0.128769166574028	0.897540303874741	0.941620340600374	Ruminococcus_albus_DSM_20455
103.084303559321	-0.0259301435031666	0.20183747710139	-0.128470410329897	0.897776713292409	0.941620340600374	Lactobacillus_mucosae_KHPC15
1792.15121417163	0.0192239773323664	0.152240848127134	0.126273451369062	0.899515470759415	0.941620340600374	Pseudobutyrivibrio_sp._C4
69574.8985133933	-0.0347953986079835	0.280561735400899	-0.124020471138959	0.901299066569627	0.941620340600374	Prevotella_ruminicola_ATCC_19189
1531.23858528753	-0.0185312784098737	0.155964528883863	-0.11881726276154	0.905420131862971	0.943443024539631	Bifidobacterium_thermophilum_DSM
3096.26307708301	0.0140328702159261	0.127601047589082	0.109974569026397	0.912429543534945	0.948257928752285	Lachnospiraceae_bacterium_KH1T2
2239.94391784309	0.0235296214200741	0.249938559090005	0.094141622268059	0.924996657390416	0.958808545650118	Pseudobutyrivibrio_ruminis_ACV-9
2658.416987935	-0.0126366755757425	0.148635917782171	-0.0850176442161296	0.932247363438821	0.96380782105524	Butyrivibrio_sp._MB2005
11830.0084382937	-0.019274538619029	0.262656796017111	-0.0733829807996795	0.941501360432049	0.97084685738058	Ruminococcus_flavefaciens_AE3010
27900.3638851267	-0.030354185606879	0.473131891887426	-0.0641558646274922	0.948846119881753	0.97447257012887	Ruminococcus_albus_7
1249.85340396578	0.0096428020075243	0.153550552879139	0.0627988752024503	0.949926661561392	0.97447257012887	Butyrivibrio_hungatei_NK4A153
19130.2748763248	-0.0130507637104911	0.25783360518964	-0.0506170004522571	0.959630715788153	0.981199536737476	Ruminococcus_flavefaciens_ND2009
2677.04599616855	-0.00996873440976046	0.206623286295053	-0.0482459387250542	0.961520238983369	0.981199536737476	Lachnobacterium_bovis_DSM
82.1175829718854	-0.0174611497603209	0.385782806223038	-0.0452616069940293	0.963898789238327	0.981199536737476	Streptococcus_equinus_MPR1
1472.87387244561	-0.00980678685350119	0.266500134041825	-0.0367984312231606	0.970645724905449	0.984836922221952	Allisonella_histaminiformans_DSM
1330.09806098547	0.00401665548311042	0.121977747405235	0.0329294118685948	0.97373087822975	0.984836922221952	Butyrivibrio_sp._AE3003
91013.5396847159	-0.00614324596687625	0.214956526471409	-0.0285790158024969	0.977200348211634	0.984836922221952	Clostridiales_bacterium_R-7
3143.5196885328	0.00448294488571266	0.158211323910313	0.0283351708013894	0.977394829610703	0.984836922221952	Lachnospiraceae_bacterium_ND2006
6661.91716441098	0.0128816378512876	0.534825648219679	0.0240856770690931	0.980784268052605	0.985750264346542	Lachnospira_multipara_LB2003
8771.28651825403	-0.00454590719698149	0.247349337598242	-0.0183784894721052	0.98533691245974	0.987825136986154	Ruminococcus_flavefaciens_007c
447.538459091947	0.000662249426697968	0.429617089369185	0.00154148762487629	0.998770071310532	0.998770071310532	Mannheimia_succiniciproducens_MBEL55E
